CustomerID,ChurnProbability,RetrievedPolicies,GeneratedStrategy,GenerationLatency(ms)
1,0.2729,Premium Wealth Banking | Balance Retention Program | Relationship Manager Outreach | Loyalty Rewards Program | Customer Reactivation Campaign,"The customer's age is likely causing them to consider leaving, as they may be reassessing their financial needs and priorities. 

I recommend the Premium Wealth Banking policy, as it addresses the customer's high value and potential for seeking more personalized financial management. 

This policy is suitable for the 44-year-old German customer with a balance of $165,000, as it offers dedicated relationship management and priority support. The relationship manager should schedule a financial planning consultation to discuss the customer's evolving needs and provide tailored advice, leveraging their four-year tenure and existing credit card relationship to strengthen engagement and retention.",1935.08
2,0.2042,Premium Wealth Banking | Loyalty Rewards Program | Senior Priority Banking | Balance Retention Program | Relationship Manager Outreach,"The customer's high account balance is likely causing her to consider leaving due to unmet wealth management expectations.

I recommend the Premium Wealth Banking policy, as it directly addresses the customer's significant balance. This policy is suitable because it provides dedicated relationship management and premium services, such as quarterly portfolio reviews and exclusive investment products, which will help meet her wealth management needs. The relationship manager should schedule a financial planning consultation to discuss the customer's investment goals and introduce her to the benefits of Premium Wealth Banking, highlighting how it can help manage her $182,000 balance. This personalized approach will help retain her valuable business.",1681.23
3,0.4057,Premium Wealth Banking | Loyalty Rewards Program | Balance Retention Program | Relationship Manager Outreach | Customer Reactivation Campaign,"The customer's age is likely causing them to consider leaving, as they may be reassessing their financial priorities and seeking more personalized support. 
I recommend the Premium Wealth Banking policy, as it offers dedicated relationship management and tailored financial planning, addressing the customer's potential need for more personalized support at their life stage. 
The relationship manager should schedule a financial planning consultation, leveraging the customer's 9-year tenure and $142,000 balance to provide a comprehensive review of their portfolio and offer customized investment advice, ultimately strengthening their engagement with the bank.",1848.27
4,0.6891,Customer Reactivation Campaign | Digital Banking Adoption | Premium Wealth Banking | Balance Retention Program | Relationship Manager Outreach,"The customer's inactivity and age are likely causing her to churn. 

I recommend the Premium Wealth Banking policy, as it directly addresses the customer's high account balance and provides personalized support. This policy is suitable because the customer's balance exceeds $100,000, and she would benefit from a dedicated Relationship Manager. I suggest scheduling a financial planning consultation to discuss her investment options and wealth management goals, taking into account her 3-year tenure and existing credit card. This proactive approach will help re-engage the customer and protect her valuable deposits.",1536.6
5,0.9989,Premium Wealth Banking | Loyalty Rewards Program | Senior Priority Banking | Relationship Pricing Program | Balance Retention Program,"The customer's high churn probability is most likely caused by their high account balance and multiple product ownership, indicating a sophisticated financial situation that may not be fully met by our current services.

I recommend the Premium Wealth Banking policy, as it directly addresses the customer's complex financial needs. This policy is appropriate given the customer's $210,000 balance and four owned products. I suggest assigning the customer to the Premium Wealth team and scheduling a financial planning consultation to review their portfolio and provide personalized advice. As a 55-year-old customer with 7 years of tenure, this tailored approach will help strengthen our relationship and increase their engagement with our bank.",1761.45
6,0.0174,Senior Priority Banking | Relationship Manager Outreach | Premium Wealth Banking | Loyalty Rewards Program | Customer Reactivation Campaign,"The customer is likely churning due to feeling undervalued as a female customer, given the higher churn risk associated with male customers.

The Senior Priority Banking policy is the most suitable, as it provides enhanced support and priority service, which can help the customer feel more valued. 

I recommend introducing the 72-year-old customer to a Senior Banking advisor, who can offer personalized attention and assistance, acknowledging her 3-year tenure and $42,000 balance. This proactive approach will demonstrate the bank's commitment to her needs, addressing the underlying churn risk and fostering a stronger relationship.",1566.19
7,0.0503,Loyalty Rewards Program | Senior Priority Banking | Relationship Manager Outreach | Premium Wealth Banking | Customer Reactivation Campaign,"The customer's high account balance is likely causing them to consider leaving, as they may be seeking more tailored banking services. 

I recommend the Senior Priority Banking policy, as it addresses the customer's age and provides enhanced support. 
This policy is suitable for this 69-year-old customer, who can benefit from priority branch service and estate planning consultation. 
The relationship manager should introduce the customer to a Senior Banking advisor, highlighting the exclusive benefits and personalized attention they will receive. 
By doing so, we can strengthen our relationship with this valued customer and demonstrate our commitment to their unique needs.",1656.47
8,0.3049,Customer Reactivation Campaign | Digital Banking Adoption | Senior Priority Banking | Product Expansion Offer | Relationship Manager Outreach,"The customer is likely to churn due to inactivity and limited product engagement. 

I recommend the Customer Reactivation Campaign policy, as it directly addresses the primary churn risk by encouraging account activity. This policy is suitable for the 74-year-old German customer, who has been inactive with only one product. The relationship manager should contact the customer within 48 hours, highlighting the $200 direct deposit bonus and personalized onboarding support, to re-establish a connection and increase engagement. By doing so, we can revitalize the customer's banking experience and reduce the churn risk.",1680.99
9,0.1683,Loyalty Rewards Program | Relationship Manager Outreach | Premium Wealth Banking | Customer Reactivation Campaign | Senior Priority Banking,"The customer's relatively low account balance is most likely causing them to consider leaving the bank. 

I recommend enrolling the customer in the Loyalty Rewards Program, as it acknowledges their 8-year tenure and provides benefits that strengthen engagement. 

This policy is appropriate because it rewards the customer's long-term loyalty, and the lifetime annual fee waiver and higher reward points will likely encourage them to maintain and grow their account balance. The relationship manager should proactively reach out to the customer, explain the exclusive benefits, and highlight how these rewards demonstrate the bank's appreciation for their loyalty.",1581.42
10,0.9954,Loyalty Rewards Program | Relationship Pricing Program | Relationship Manager Outreach | Premium Wealth Banking | Customer Reactivation Campaign,"The customer is likely churning due to a lack of engagement and perceived value from the bank, despite having a long tenure and multiple products. 

I recommend the Loyalty Rewards Program, as it directly addresses the customer's potential feeling of being undervalued. This program is appropriate because the customer has been with the bank for 10 years, meeting the eligibility criteria. The relationship manager should enroll the customer and communicate the exclusive benefits, such as the lifetime annual fee waiver and higher reward points, to strengthen engagement and appreciation for her loyalty. By doing so, we can reinvigorate her relationship with the bank and reduce the likelihood of churn.",1531.17
11,0.0585,Customer Reactivation Campaign | Digital Banking Adoption | Relationship Manager Outreach | Premium Wealth Banking | Loyalty Rewards Program,"The customer's inactivity is most likely causing them to churn. 
I recommend the Customer Reactivation Campaign policy, as it directly addresses the primary churn risk by encouraging the customer to activate digital banking services. 
This policy is appropriate because the customer is not an active member, and reactivating them will increase engagement. 
The relationship manager should contact the customer within 48 hours, highlighting the $200 direct deposit bonus and personalized onboarding support, to encourage the customer to restart their banking activity, given their 2-year tenure and $28,000 balance.",1486.57
12,0.4891,Customer Reactivation Campaign | Digital Banking Adoption | Product Expansion Offer | Credit Improvement Program | Relationship Manager Outreach,"The customer is likely to churn due to limited engagement with the bank, as evidenced by owning only one product and not being an active member. 

The best policy to address this is the Product Expansion Offer, as it encourages the customer to deepen their relationship with the bank. 

I recommend this policy because it offers the customer a pre-approved credit card and other benefits, which can increase their engagement and loyalty. The relationship manager should contact the customer to discuss their financial needs and recommend a complementary banking product, such as a savings account, to help them manage their $18,000 balance more effectively. This personalized approach can help to retain the customer and reduce the risk of churn.",1688.21
13,0.2411,Product Expansion Offer | Relationship Manager Outreach | Premium Wealth Banking | Loyalty Rewards Program | Customer Reactivation Campaign,"The customer is likely churning due to a lack of diversified banking products, as indicated by owning only one product.

The Product Expansion Offer policy is the most suitable to address this risk. This policy is appropriate as it encourages the customer to explore additional banking products, increasing relationship depth. The relationship manager should proactively call the customer to discuss their financial needs and recommend a complementary product, such as a savings account, to enhance their overall banking experience. Given the customer's active membership and credit card ownership, they may appreciate the benefits of a more comprehensive banking relationship, ultimately reducing the likelihood of churn.",1549.56
14,0.8302,Customer Reactivation Campaign | Digital Banking Adoption | Product Expansion Offer | Relationship Manager Outreach | Premium Wealth Banking,"The customer is likely to churn due to a lack of engagement and limited product usage, as evidenced by their single product ownership and inactive membership.

The best policy to address this risk is the Product Expansion Offer, as it encourages the customer to deepen their relationship with the bank. This policy is appropriate because the customer only owns one product, a credit card, and has a significant balance of $45,000. The relationship manager should proactively contact the customer to discuss complementary products, such as a savings account, that align with their needs and provide benefits like reduced loan processing fees. By doing so, the bank can increase customer engagement and retention.",1614.83
15,0.9944,Loyalty Rewards Program | Relationship Pricing Program | Relationship Manager Outreach | Premium Wealth Banking | Customer Reactivation Campaign,"The customer is likely churning due to a lack of engagement and perceived value from the bank, despite having multiple products and a significant balance.

The Loyalty Rewards Program is the most suitable policy to address this risk. This program is appropriate as the customer has a tenure of 6 years, exceeding the eligibility criteria. The relationship manager should enroll the customer into the loyalty program, highlighting the lifetime annual fee waiver and higher reward points. By doing so, the bank can strengthen engagement and reward the customer's long-term loyalty, ultimately increasing their perceived value and encouraging them to remain with the bank.",1824.21
16,0.0164,Credit Improvement Program | Relationship Manager Outreach | Premium Wealth Banking | Loyalty Rewards Program | Customer Reactivation Campaign,"The customer is likely churning due to a lack of personalized engagement and benefits, despite being a valuable female customer. 

The best policy to address this is the Relationship Manager Outreach, as it provides proactive human engagement. This policy is appropriate because the customer, a 29-year-old female with a balance of $22,000, would benefit from dedicated account review and customized retention offers. The relationship manager should schedule a call within 24 hours to discuss her financial goals and provide tailored support, acknowledging her two-year tenure and active membership. By doing so, we can strengthen our relationship with this valuable customer and reduce the risk of churn.",1656.34
17,0.3525,Customer Reactivation Campaign | Digital Banking Adoption | Product Expansion Offer | Credit Improvement Program | Relationship Manager Outreach,"The customer is likely to churn due to a lack of product diversification and inactive membership, indicating underutilization of banking services.

The Product Expansion Offer policy is the most suitable to address this risk. This policy is appropriate as it encourages the customer to explore complementary products, increasing relationship depth. The relationship manager should recommend a savings account or credit card, considering the customer's $17,000 balance and one-year tenure. By offering a pre-approved credit card or savings account bonus, the bank can re-engage the customer and enhance their overall banking experience, ultimately reducing the likelihood of churn.",1647.59
18,0.2803,Relationship Manager Outreach | Premium Wealth Banking | Loyalty Rewards Program | Customer Reactivation Campaign | Senior Priority Banking,"The customer's high account balance and valuable customer status are likely causing her to consider leaving due to unmet expectations. 

I recommend the Relationship Manager Outreach policy, as it provides proactive human engagement, addressing the customer's potential dissatisfaction. 

The relationship manager should schedule a call within 24 hours to review her account, discuss concerns, and offer customized solutions, leveraging her active membership and two-year tenure. This personalized approach will help retain this valuable customer, valued at $52,000, and demonstrate the bank's commitment to her financial needs.",1436.95
19,0.997,Customer Reactivation Campaign | Digital Banking Adoption | Premium Wealth Banking | Loyalty Rewards Program | Senior Priority Banking,"The customer's inactivity and lack of engagement with the bank's services are most likely causing them to churn. 

I recommend the Customer Reactivation Campaign policy, as it directly addresses the customer's inactivity. This policy is appropriate because the customer is 66 years old and has been with the bank for 9 years, but is currently inactive. I suggest contacting the customer within 48 hours to encourage activation of digital banking services, which will help restore account activity and increase engagement. Given the customer's age and tenure, this personalized approach will help re-establish a connection with the bank and potentially prevent churn.",1467.73
20,0.9996,Customer Reactivation Campaign | Digital Banking Adoption | Premium Wealth Banking | Loyalty Rewards Program | Senior Priority Banking,"The customer's high number of inactive products and lack of engagement is most likely causing her to churn. 
I recommend the Premium Wealth Banking policy, as it directly addresses the customer's high account balance and long tenure. 
This policy is appropriate because it offers dedicated relationship management and priority support, which can help re-establish a connection with the customer. 
I suggest scheduling a financial planning consultation with the Premium Wealth team to discuss the customer's portfolio and provide personalized advice, taking into account her 12-year tenure and $265,000 balance.",1751.23
21,0.2954,Relationship Manager Outreach | Premium Wealth Banking | Loyalty Rewards Program | Customer Reactivation Campaign | Senior Priority Banking,"The customer's age and German location are likely contributing to their churn risk, as these factors are unique to their profile and may indicate a need for more personalized support.

The Relationship Manager Outreach policy is the most suitable, as it provides proactive human engagement, which can help address the customer's specific needs. 

I recommend scheduling a call to review the customer's account, discuss their concerns, and offer customized retention solutions, taking into account their 4-year tenure and $99,999 balance, to strengthen their relationship with the bank.",1429.57
22,0.4256,Premium Wealth Banking | Balance Retention Program | Relationship Manager Outreach | Loyalty Rewards Program | Customer Reactivation Campaign,"The customer's age and German location are likely contributing to her high churn probability. 
I recommend the Premium Wealth Banking policy, as it addresses the customer's high value and tenure, offering personalized services. 
This policy is suitable because the customer's balance exceeds $100,000, making her eligible for premium relationship management. 
The relationship manager should schedule a financial planning consultation, leveraging the customer's 4-year tenure and existing credit card relationship to strengthen engagement and retention. 
By assigning the customer to the Premium Wealth team, we can provide dedicated support and tailored investment advice, ultimately reducing churn risk and enhancing her overall banking experience.",1419.97
23,0.1812,Relationship Manager Outreach | Premium Wealth Banking | Loyalty Rewards Program | Customer Reactivation Campaign | Senior Priority Banking,"The customer's significant account balance is likely causing them to consider leaving, as they may be seeking more personalized and premium services. 

I recommend the Relationship Manager Outreach policy, as it provides dedicated human engagement and a customized retention offer. This policy is suitable because the customer's high balance and tenure indicate they value their relationship with the bank. The relationship manager should schedule a call within 24 hours to review the customer's account, discuss their needs, and offer tailored solutions, highlighting the benefits of continued banking with us, such as dedicated support and potential investment opportunities, given their $62,000 balance and 4-year tenure.",4637.57
24,0.3037,Loyalty Rewards Program | Relationship Manager Outreach | Premium Wealth Banking | Customer Reactivation Campaign | Senior Priority Banking,"The customer's high account balance and long tenure suggest that she values premium services, but may be seeking more personalized attention, which is likely causing her to consider leaving. 
The Loyalty Rewards Program is the most suitable policy to address this risk. 
I recommend enrolling her into this program, as her 5-year tenure makes her eligible, and communicating the exclusive benefits, such as lifetime annual fee waiver and higher reward points, to strengthen her engagement and appreciation for the bank's recognition of her loyalty.",3852.86
25,0.4006,Relationship Manager Outreach | Premium Wealth Banking | Loyalty Rewards Program | Customer Reactivation Campaign | Senior Priority Banking,"The customer's age and relatively low account balance are likely contributing to their churn risk. 
The Relationship Manager Outreach policy is the most suitable, as it provides proactive engagement and a dedicated account review. 
This policy is appropriate because it allows for a personalized approach, addressing the customer's specific needs and concerns. 
The relationship manager should schedule a call within 24 hours to discuss the customer's goals and offer customized solutions, taking into account their 4-year tenure and $54,000 balance. 
By doing so, the bank can demonstrate its commitment to the customer's financial well-being and strengthen their relationship, ultimately reducing the risk of churn.",4826.57
26,0.5798,Senior Priority Banking | Relationship Manager Outreach | Premium Wealth Banking | Loyalty Rewards Program | Customer Reactivation Campaign,"The customer's age and relatively high account balance are likely contributing to her consideration of leaving the bank. 
I recommend the Senior Priority Banking policy, as it directly addresses the customer's age-related needs. 
This policy is appropriate because it provides enhanced support and benefits tailored to seniors, such as priority branch service and estate planning consultation, which may appeal to a 55-year-old customer with a significant balance of $54,000. 
The relationship manager should introduce the customer to a Senior Banking advisor to review her accounts and offer personalized guidance, ensuring she feels valued and supported in her banking needs.",3858.56
27,0.4797,Premium Wealth Banking | Loyalty Rewards Program | Balance Retention Program | Credit Improvement Program | Relationship Manager Outreach,"The customer's high account balance and age are likely contributing to their churn risk, as they may be seeking more personalized and premium services.

The Premium Wealth Banking policy is the most suitable to address this risk. This policy is appropriate as it offers dedicated relationship management and premium services, aligning with the customer's high balance and tenure. The relationship manager should schedule a financial planning consultation, leveraging the customer's 6-year tenure and $145,000 balance to provide tailored advice. By assigning the customer to the Premium Wealth team, we can provide a personalized experience, addressing their potential concerns and strengthening our relationship with this valuable customer.",3699.16
28,0.4447,Customer Reactivation Campaign | Digital Banking Adoption | Premium Wealth Banking | Balance Retention Program | Relationship Manager Outreach,"The customer's inactivity is most likely causing her to churn. 
I recommend the Customer Reactivation Campaign policy, as it directly addresses the primary churn risk by encouraging account activity. 
This policy is appropriate because the customer has been inactive for some time, and the $200 direct deposit bonus will incentivize her to re-engage. 
The relationship manager should contact the customer within 48 hours, referencing her 3-year tenure and $160,000 balance, to encourage activation of digital banking services and provide personalized onboarding support, ultimately aiming to increase her engagement and loyalty to the bank.",3447.33
29,0.9945,Premium Wealth Banking | Relationship Pricing Program | Balance Retention Program | Relationship Manager Outreach | Loyalty Rewards Program,"The customer is likely churning due to a lack of personalized engagement and benefits, despite having a high account balance and multiple products.

The Premium Wealth Banking policy is the most suitable to address this risk. This policy is appropriate as it offers dedicated relationship management and premium benefits, which will provide the customer with a more personalized experience. The relationship manager should schedule a financial planning consultation to discuss the customer's investment goals and offer exclusive products. Given the customer's $190,000 balance and active membership, this policy will help to retain their valuable business and strengthen their engagement with the bank.",4663.91
30,0.9957,Premium Wealth Banking | Loyalty Rewards Program | Senior Priority Banking | Relationship Pricing Program | Balance Retention Program,"The customer is likely churning due to a lack of personalized engagement and relationship management, despite having a high account balance and long tenure.

The Premium Wealth Banking policy is the most suitable to address this risk. This policy is appropriate as it offers dedicated relationship management, which will provide the customer with a personalized experience. I recommend assigning the customer to the Premium Wealth team and scheduling a financial planning consultation to discuss her specific needs and goals, taking into account her $205,000 balance and 8-year tenure. This will help to strengthen our relationship and increase her engagement with the bank.",3892.92
31,0.4866,Loyalty Rewards Program | Product Expansion Offer | Relationship Manager Outreach | Premium Wealth Banking | Customer Reactivation Campaign,"The customer's relatively low number of banking products and age are likely contributing to their high churn probability. 
I recommend the Product Expansion Offer policy, as it directly addresses the primary churn risk by encouraging the customer to deepen their relationship with the bank. 
This policy is suitable for this 44-year-old customer, who has been with the bank for 7 years and only owns one product. 
The relationship manager should proactively call the customer to discuss their financial needs and recommend a complementary product, such as a savings account, to enhance their overall banking experience and increase engagement.",3520.06
32,0.629,Customer Reactivation Campaign | Digital Banking Adoption | Loyalty Rewards Program | Relationship Manager Outreach | Premium Wealth Banking,"The customer's inactivity and lack of engagement with the bank's services are most likely causing her to churn. 

I recommend the Customer Reactivation Campaign policy, as it directly addresses the customer's inactivity. This policy is appropriate because it offers personalized support and incentives to encourage the customer to re-engage with the bank. The relationship manager should contact the customer within 48 hours, highlighting the $200 direct deposit bonus and mobile banking assistance, and guide her through the activation of digital banking services, considering her 9-year tenure and $47,000 balance.",4629.77
33,0.0276,Senior Priority Banking | Credit Improvement Program | Relationship Manager Outreach | Premium Wealth Banking | Loyalty Rewards Program,"The customer's advanced age is most likely causing them to consider leaving the bank. 
Given this, the Senior Priority Banking policy is the most suitable, as it caters to the customer's age-related needs. 
This policy is appropriate because it provides enhanced support, such as priority branch service and estate planning consultation, which are likely to be valuable to a 68-year-old customer. 
The relationship manager should introduce the customer to a Senior Banking advisor, highlighting the benefits of priority service and specialized guidance, to strengthen the customer's connection with the bank and address their unique needs.",3578.26
34,0.8804,Customer Reactivation Campaign | Digital Banking Adoption | Senior Priority Banking | Product Expansion Offer | Relationship Manager Outreach,"The customer's advanced age and inactive membership status are most likely causing her to churn. 
I recommend the Senior Priority Banking policy as it directly addresses the primary churn risk. 
This policy is appropriate because it provides enhanced support tailored to senior customers, like our 71-year-old client. 
The relationship manager should introduce the customer to a Senior Banking advisor, offering priority branch service and estate planning consultation, acknowledging her two-year tenure and $31,000 balance. 
By doing so, we can demonstrate our commitment to her banking needs and encourage continued loyalty.",3761.16
35,0.9939,Relationship Pricing Program | Relationship Manager Outreach | Premium Wealth Banking | Loyalty Rewards Program | Customer Reactivation Campaign,"The customer's high number of owned products is likely causing them to churn, as they may be seeking more streamlined and cost-effective banking solutions.

The Relationship Pricing Program is the most suitable policy to address this risk. This program is appropriate because the customer already owns five banking products, making them eligible for bundled pricing. The relationship manager should review the customer's existing products and offer customized bundled pricing to simplify their banking experience. By doing so, the customer will benefit from discounts on mortgage rates, auto loans, and account pricing, increasing their overall satisfaction and loyalty to the bank, particularly given their significant balance of $88,000 and two-year tenure.",4330.95
36,0.9952,Customer Reactivation Campaign | Digital Banking Adoption | Relationship Pricing Program | Relationship Manager Outreach | Premium Wealth Banking,"The customer is likely churning due to a lack of engagement and underutilization of banking services, as evidenced by their inactive membership status and high number of owned products.

The Customer Reactivation Campaign policy is the most suitable to address this risk. This policy is appropriate as it targets inactive customers and offers personalized support to increase engagement. I recommend the relationship manager contact the customer within 48 hours to encourage activation of digital banking services, highlighting the $200 direct deposit bonus and mobile banking assistance. Given the customer's age and tenure, a tailored approach will help re-establish a connection and potentially increase their product utilization, ultimately reducing churn risk.",3967.44
37,0.0619,Credit Improvement Program | Relationship Manager Outreach | Premium Wealth Banking | Loyalty Rewards Program | Customer Reactivation Campaign,"The customer's relatively low credit score is likely causing them to consider leaving the bank. 
I recommend the Credit Improvement Program, as it directly addresses this primary churn risk. 
This program is suitable because the customer's credit score of 610 is below the threshold for optimal credit health. 
The relationship manager should proactively reach out to the customer, explain the benefits of credit education resources and secured credit products, and invite them to enroll in the program, highlighting how it can improve their long-term financial well-being, particularly given their estimated salary of $52,000 and current balance of $25,000.",4622.65
38,0.1056,Loyalty Rewards Program | Credit Improvement Program | Relationship Manager Outreach | Premium Wealth Banking | Customer Reactivation Campaign,"The customer is likely churning due to a lack of personalized engagement and rewards, despite being a long-term and valuable customer.

The Loyalty Rewards Program is the most suitable policy to address this risk. This program is appropriate as the customer has a tenure of 7 years, exceeding the 5-year eligibility criteria. To retain this customer, the relationship manager should enroll her in the loyalty program, highlighting the lifetime annual fee waiver and higher reward points. A personalized call to explain these exclusive benefits and recognize her long-term loyalty will strengthen engagement and encourage continued banking with us.",3927.33
39,0.9937,Premium Wealth Banking | Loyalty Rewards Program | Senior Priority Banking | Relationship Pricing Program | Balance Retention Program,"The customer's low engagement with their multiple banking products is likely causing them to churn. 
I recommend the Relationship Pricing Program, as it directly addresses the primary churn risk by incentivizing the customer to maintain their existing products. 
This policy is appropriate because the customer already owns three products, and bundled pricing will increase their loyalty. 
I suggest reviewing the customer's current products and offering a mortgage rate discount, given their significant balance of $108,000. 
By doing so, we can strengthen our relationship with this 56-year-old valued customer and encourage them to continue banking with us.",3876.13
40,0.9967,Customer Reactivation Campaign | Digital Banking Adoption | Premium Wealth Banking | Loyalty Rewards Program | Senior Priority Banking,"The customer's inactivity and lack of engagement with the bank's services are most likely causing her to churn. 

I recommend the Customer Reactivation Campaign policy, as it directly addresses the customer's inactivity. This policy is appropriate because it offers personalized onboarding support and incentives to encourage the customer to re-engage with the bank. 

I suggest contacting the 70-year-old customer within 48 hours to discuss her needs and encourage her to activate digital banking services, which will help her manage her $280,000 balance more effectively. By reactivating her account, we can strengthen our relationship and provide her with a better banking experience, ultimately reducing the risk of churn.",3865.25
41,0.0322,Relationship Manager Outreach | Premium Wealth Banking | Loyalty Rewards Program | Customer Reactivation Campaign | Senior Priority Banking,"The customer is likely churning due to the lack of a credit card, which is a key factor contributing to their churn probability.

The Relationship Manager Outreach policy is the most suitable to address this risk. This policy is appropriate as it provides proactive human engagement, which can help to understand the customer's needs and offer customized solutions, such as a credit card. The relationship manager should schedule a call within 24 hours to discuss the customer's financial goals and offer a credit card tailored to their needs, considering their 2-year tenure and $18,000 balance. This personalized approach will help to strengthen the customer's relationship with the bank and reduce the churn risk.",3765.88
42,0.0146,Customer Reactivation Campaign | Digital Banking Adoption | Relationship Manager Outreach | Premium Wealth Banking | Loyalty Rewards Program,"The customer is likely to churn due to inactivity, as indicated by their non-active membership status. 

The best policy to address this is the Customer Reactivation Campaign. This policy is appropriate as it targets inactive customers and offers benefits such as a direct deposit bonus and personalized onboarding support. 

I recommend the relationship manager contact the customer within 48 hours to encourage activation of digital banking services, highlighting the $200 bonus and tailored support. Given the customer's relatively short tenure of 1 year and balance of $12,000, reactivating their account through this campaign can help re-establish their engagement with our bank.",4609.72
43,0.3628,Customer Reactivation Campaign | Digital Banking Adoption | Product Expansion Offer | Credit Improvement Program | Relationship Manager Outreach,"The customer is likely to churn due to a lack of engagement and limited product ownership, as indicated by having only one product and being inactive.

The best policy to address this risk is the Product Expansion Offer. This policy is appropriate as it encourages the customer to explore additional banking products, potentially increasing their engagement and loyalty. The relationship manager should proactively contact the 24-year-old Spanish customer, discuss their financial needs, and recommend a complementary product, such as a credit card or savings account, to enhance their banking experience and deepen the customer-bank relationship.",3738.71
44,0.6364,Premium Wealth Banking | Senior Priority Banking | Balance Retention Program | Relationship Manager Outreach | Loyalty Rewards Program,"The customer's age is most likely causing her to churn, as it is a significant contributor to her predicted churn probability.

I recommend the Senior Priority Banking policy, as it directly addresses the customer's age-related needs. This policy is appropriate because it provides enhanced banking support tailored to senior customers, such as priority branch service and estate planning consultation. I suggest the relationship manager introduce the customer to a Senior Banking advisor to discuss her specific needs and provide personalized support. Given the customer's 4-year tenure and $130,000 balance, a proactive and personalized approach will help retain her valuable business.",3658.75
45,0.4632,Customer Reactivation Campaign | Digital Banking Adoption | Premium Wealth Banking | Loyalty Rewards Program | Balance Retention Program,"The customer's inactivity and lack of engagement with the bank's services are most likely causing them to churn. 

I recommend the Customer Reactivation Campaign policy, as it directly addresses the customer's inactivity. This policy is suitable because the customer has been with the bank for 8 years but is not an active member. To retain this valuable customer, I suggest contacting them within 48 hours to encourage digital banking activation and offering personalized onboarding support. This approach will help re-establish a connection with the customer and increase their engagement, ultimately reducing the churn risk for this $175,000 balance holder.",4678.21
46,0.9969,Premium Wealth Banking | Loyalty Rewards Program | Senior Priority Banking | Relationship Pricing Program | Balance Retention Program,"The customer's high churn probability is most likely caused by a lack of personalized engagement and relationship management, despite having a high account balance and long tenure.

The Premium Wealth Banking policy is the most suitable to address this risk. This policy is appropriate because it offers dedicated relationship management, which will provide the customer with a personalized and tailored banking experience. As a 10-year customer with a balance of $225,000, she deserves a high level of service. I recommend assigning her to the Premium Wealth team and scheduling a financial planning consultation to discuss her specific needs and goals, ensuring she feels valued and supported.",3622.51
47,0.3232,Customer Reactivation Campaign | Digital Banking Adoption | Senior Priority Banking | Credit Improvement Program | Relationship Manager Outreach,"The customer's inactivity is most likely causing them to churn. 

I recommend the Customer Reactivation Campaign policy, as it directly addresses the primary churn risk by encouraging the customer to activate digital banking services. This policy is appropriate because the customer is not an active member, and reactivating their account will increase engagement. The relationship manager should contact the customer within 48 hours, highlighting the $200 direct deposit bonus and personalized onboarding support. Given the customer's age and tenure, a gentle approach is necessary, and the manager should emphasize how digital banking can simplify their financial management, making it easier to manage their $28,000 balance.",4599.03
48,0.9932,Customer Reactivation Campaign | Digital Banking Adoption | Relationship Pricing Program | Relationship Manager Outreach | Premium Wealth Banking,"The customer is likely churning due to a lack of engagement and underutilization of banking services, as evidenced by their inactive membership status and high number of owned products.

The best policy to address this risk is the Customer Reactivation Campaign. This policy is appropriate as it targets inactive customers and offers personalized support to increase engagement. I recommend the relationship manager contact the customer within 48 hours to encourage activation of digital banking services, highlighting the $200 direct deposit bonus and mobile banking assistance. Given the customer's age and tenure, a tailored approach will help her regain confidence in our services and appreciate the value of her four owned products, ultimately reducing the likelihood of churn.",3949.54
49,0.4363,Loyalty Rewards Program | Senior Priority Banking | Product Expansion Offer | Relationship Manager Outreach | Premium Wealth Banking,"The customer's advanced age is most likely causing them to churn. 
I recommend the Senior Priority Banking policy as it directly addresses the primary churn risk by providing enhanced support tailored to seniors. 
This policy is appropriate because the customer is 60 years old and will appreciate the priority branch service and estate planning consultation. 
The relationship manager should introduce the customer to a Senior Banking advisor, highlighting the benefits of priority service and free cashier's checks, and offer a dedicated review of their $64,000 account to ensure their needs are met.",3749.54
50,0.999,Customer Reactivation Campaign | Digital Banking Adoption | Loyalty Rewards Program | Senior Priority Banking | Relationship Pricing Program,"The customer's inactivity and lack of engagement with the bank's services are most likely causing her to churn. 

I recommend the Customer Reactivation Campaign policy, as it directly addresses the customer's inactivity. This policy is appropriate because it incentivizes the customer to re-engage with the bank through a $200 direct deposit bonus and personalized onboarding support. As a relationship manager, I will contact the customer within 48 hours to encourage her to activate digital banking services, highlighting the benefits of mobile banking assistance. Given her six-year tenure and significant balance of $98,000, reactivating her account is crucial to preventing churn and retaining her valuable business.",3884.12
51,0.0597,Relationship Manager Outreach | Premium Wealth Banking | Loyalty Rewards Program | Customer Reactivation Campaign | Senior Priority Banking,"The customer's relatively low tenure and moderate estimated salary are likely contributing to their churn risk. 
The Relationship Manager Outreach policy is the most suitable, as it provides proactive human engagement. 
This policy is appropriate because it allows for a dedicated account review and customized retention offer, which can help address the customer's specific needs. 
The relationship manager should schedule a call within 24 hours to discuss the customer's $45,000 balance and 3-year tenure, and offer personalized support to strengthen their relationship with the bank. 
By doing so, we can demonstrate our commitment to this 39-year-old German customer and encourage them to continue banking with us.",4483.3
52,0.1029,Credit Improvement Program | Relationship Manager Outreach | Premium Wealth Banking | Loyalty Rewards Program | Customer Reactivation Campaign,"The customer is likely churning due to feeling undervalued, as the primary churn factor indicates a higher customer value associated with male customers. 
The best policy to address this is the Relationship Manager Outreach, as it provides proactive human engagement. 
This policy is appropriate because it offers a dedicated account review and customized retention offer, which can help address the customer's feelings of being undervalued. 
The relationship manager should schedule a call within 24 hours to review the customer's account, discuss her financial goals, and provide a personalized offer, taking into account her 3-year tenure and $45,000 balance.",3811.64
53,0.572,Premium Wealth Banking | Product Expansion Offer | Balance Retention Program | Relationship Manager Outreach | Loyalty Rewards Program,"The customer's relatively low number of products and age are likely contributing to their high churn probability. 
I recommend the Premium Wealth Banking policy as it directly addresses the customer's high value and potential for deeper relationship development. 
This policy is suitable because the customer's balance exceeds $100,000, and they would benefit from a dedicated relationship manager and priority support. 
The relationship manager should schedule a financial planning consultation to discuss the customer's investment goals and offer exclusive products, leveraging the customer's existing credit card and $155,000 balance to deepen the banking relationship.",3980.7
54,0.8775,Customer Reactivation Campaign | Digital Banking Adoption | Premium Wealth Banking | Product Expansion Offer | Balance Retention Program,"The customer's inactivity and lack of engagement with the bank's services are most likely causing her to churn. 

The Premium Wealth Banking policy is the most suitable to address this risk, as it offers personalized relationship management and priority support, which can help re-establish a connection with the customer. 

I recommend assigning the customer to the Premium Wealth team and scheduling a financial planning consultation to discuss her investment goals and provide tailored advice, taking into account her substantial balance of $151,000 and 3-year tenure with the bank. This will help rebuild her trust and confidence in our services.",3493.86
55,0.2981,Premium Wealth Banking | Loyalty Rewards Program | Senior Priority Banking | Balance Retention Program | Credit Improvement Program,"The customer's high account balance and age are likely causing them to consider alternative banking options, leading to a churn probability of 29.8%. 
The Premium Wealth Banking policy is the most suitable to address this risk. 
As the customer has a balance of $182,000 and is 66 years old, assigning them to the Premium Wealth team will provide dedicated relationship management and premium services, addressing their high-value needs. 
The relationship manager should schedule a financial planning consultation to review the customer's portfolio and offer personalized wealth planning, leveraging their 8-year tenure with the bank to strengthen engagement and retention.",4704.48
56,0.9951,Relationship Pricing Program | Credit Improvement Program | Relationship Manager Outreach | Premium Wealth Banking | Loyalty Rewards Program,"The customer is likely churning due to a lack of personalized engagement and perceived value from the bank, despite having multiple products. 

The Relationship Manager Outreach policy is the most suitable, as it provides proactive human engagement. This policy is appropriate because the customer has a high predicted churn risk and has been with the bank for 4 years, indicating a need for dedicated attention. The relationship manager should schedule a call within 24 hours to review the customer's accounts, discuss concerns, and offer customized solutions, taking into account her active membership and $76,000 balance. This personalized approach will help strengthen the customer's relationship with the bank.",3835.18
57,0.0797,Relationship Manager Outreach | Premium Wealth Banking | Loyalty Rewards Program | Customer Reactivation Campaign | Senior Priority Banking,"The customer's age is most likely causing them to churn, as it is the primary factor contributing to their predicted churn probability.

I recommend the Relationship Manager Outreach policy, as it provides proactive human engagement, which can help address the customer's potential concerns and needs. This policy is appropriate because the customer's age may indicate a need for more personalized support. I suggest the relationship manager schedule a call to review the customer's account, discuss their financial goals, and offer customized solutions, taking into account their 2-year tenure and $61,000 balance. This approach will help strengthen the customer's relationship with the bank and reduce the risk of churn.",3918.36
58,0.9832,Premium Wealth Banking | Loyalty Rewards Program | Relationship Pricing Program | Balance Retention Program | Relationship Manager Outreach,"The customer is likely churning due to a lack of personalized engagement and benefits, despite having a high account balance and long tenure.

The Premium Wealth Banking policy is the most suitable to address this risk. This policy is appropriate as it offers dedicated relationship management, which can help re-engage the customer. The relationship manager should schedule a financial planning consultation, leveraging the customer's $165,000 balance and 5-year tenure to offer tailored advice. By providing priority support and exclusive investment products, we can strengthen our relationship with this valuable customer and increase the likelihood of retention.",3715.09
59,0.9563,Premium Wealth Banking | Loyalty Rewards Program | Senior Priority Banking | Relationship Pricing Program | Balance Retention Program,"The customer's high churn probability is most likely caused by a lack of personalized engagement and relationship management, despite having a high account balance and long tenure.

The Premium Wealth Banking policy is the most suitable to address this risk. This policy is appropriate as it provides dedicated relationship management, which can help to re-engage the customer. I recommend assigning the customer to the Premium Wealth team and scheduling a financial planning consultation to discuss their investment goals and wealth management needs, taking into account their $315,000 balance and 15-year tenure. This personalized approach will help to strengthen the customer's relationship with the bank and reduce the likelihood of churn.",4755.15
60,0.9279,Customer Reactivation Campaign | Digital Banking Adoption | Premium Wealth Banking | Loyalty Rewards Program | Senior Priority Banking,"The customer's inactivity and age are likely causing her to churn. 
I recommend the Senior Priority Banking policy as it directly addresses the primary churn risk. 
This policy is appropriate because it provides enhanced support for senior customers, aligning with the customer's age and inactivity. 
The relationship manager should introduce the customer to a Senior Banking advisor, offering priority branch service and estate planning consultation, tailored to her 11-year tenure and $260,000 balance. 
By doing so, we can re-engage the customer and demonstrate our commitment to her banking needs, ultimately reducing the likelihood of churn.",3894.38
61,0.9924,Customer Reactivation Campaign | Digital Banking Adoption | Premium Wealth Banking | Loyalty Rewards Program | Senior Priority Banking,"The customer's inactivity and lack of engagement with the bank's services are most likely causing them to churn. 

I recommend the Customer Reactivation Campaign policy, as it directly addresses the customer's inactivity. This policy is appropriate because the 68-year-old customer has been with the bank for 14 years but is no longer an active member. To retain this valuable customer, I suggest contacting them within 48 hours to encourage activation of digital banking services, highlighting the $200 direct deposit bonus and personalized onboarding support. This will help restore account activity and increase customer engagement.",3574.76
62,0.1534,Relationship Manager Outreach | Premium Wealth Banking | Loyalty Rewards Program | Customer Reactivation Campaign | Senior Priority Banking,"The customer is likely churning due to feeling undervalued, as the primary churn factors indicate a higher value is placed on male customers and those with higher account balances. 

The Relationship Manager Outreach policy is the most suitable to address this risk. This policy is appropriate as it provides proactive human engagement, which can help the customer feel valued and appreciated. The relationship manager should schedule a call within 24 hours to review the customer's account, discuss her needs, and offer customized solutions, taking into account her 3-year tenure and $51,000 balance. This personalized approach will help strengthen the customer's relationship with the bank and reduce the likelihood of churn.",4844.53
63,0.3514,Premium Wealth Banking | Loyalty Rewards Program | Balance Retention Program | Credit Improvement Program | Relationship Manager Outreach,"The customer's high account balance and age are likely causing them to consider leaving, as they may be seeking more personalized and premium services. 

The Premium Wealth Banking policy is the most suitable to address this risk. This policy is appropriate as it offers dedicated relationship management, which will cater to the customer's high-value needs. The relationship manager should schedule a financial planning consultation, highlighting the benefits of quarterly portfolio reviews and exclusive investment products, given the customer's substantial balance of $145,000 and six-year tenure. This personalized approach will help retain the customer's valuable business.",3513.57
64,0.0328,Senior Priority Banking | Product Expansion Offer | Relationship Manager Outreach | Premium Wealth Banking | Loyalty Rewards Program,"The customer is likely churning due to a lack of diversified banking products, as indicated by owning only one product. 

I recommend the Product Expansion Offer policy, as it directly addresses this primary churn risk. This policy is appropriate because it encourages the customer to explore complementary products, deepening their relationship with the bank. The relationship manager should review the customer's needs and recommend a suitable product, such as a savings account, to enhance their overall banking experience. Given the customer's age and existing credit card, a personalized approach will help her understand the benefits of expanding her portfolio, ultimately increasing her engagement and loyalty to the bank.",4942.18
65,0.984,Customer Reactivation Campaign | Digital Banking Adoption | Relationship Pricing Program | Relationship Manager Outreach | Premium Wealth Banking,"The customer's high churn probability is most likely caused by their inactive membership and lack of engagement with the bank's services.

The Customer Reactivation Campaign policy is the most suitable to address this risk. This policy is appropriate as it targets inactive customers and offers benefits such as a $200 direct deposit bonus and personalized onboarding support. The relationship manager should contact the customer within 48 hours to encourage activation of digital banking services, highlighting the benefits of mobile banking assistance and personalized support. Given the customer's substantial balance of $82,000 and multiple products owned, reactivating their membership can help restore account activity and strengthen their relationship with the bank.",4506.59
66,0.9671,Customer Reactivation Campaign | Digital Banking Adoption | Premium Wealth Banking | Loyalty Rewards Program | Senior Priority Banking,"The customer's high churn probability is most likely caused by their inactivity and lack of engagement with the bank's services. 
I recommend the Premium Wealth Banking policy, as it directly addresses the customer's high account balance, a key factor contributing to churn. 
This policy is suitable for the 65-year-old customer with a $210,000 balance, as it offers dedicated relationship management and priority support, which can help re-establish a connection with the bank. 
The relationship manager should assign the customer to the Premium Wealth team and schedule a financial planning consultation to discuss their financial goals and provide personalized support, leveraging the customer's 7-year tenure and existing credit card relationship to strengthen their engagement.",3671.81
67,0.296,Customer Reactivation Campaign | Digital Banking Adoption | Product Expansion Offer | Credit Improvement Program | Relationship Manager Outreach,"The customer's low product ownership and inactivity are likely causing them to consider leaving the bank. 

I recommend the Product Expansion Offer policy, as it directly addresses the primary churn risk by encouraging the customer to deepen their relationship with the bank. 

To retain this customer, I suggest the relationship manager contacts the 37-year-old German customer, discusses their financial needs, and recommends a complementary product, such as a credit card or savings account, to increase their product ownership from one to multiple products, thereby enhancing their overall banking experience and reducing the likelihood of churn.",3772.89
68,0.9984,Premium Wealth Banking | Relationship Pricing Program | Balance Retention Program | Credit Improvement Program | Relationship Manager Outreach,"The customer is likely churning due to a lack of personalized engagement and benefits, despite having a high account balance and multiple products.

The Premium Wealth Banking policy is the most suitable, as it offers dedicated relationship management and premium benefits, addressing the customer's high value and multiple product ownership. 

I recommend assigning the customer to the Premium Wealth team and scheduling a financial planning consultation, tailored to her $198,000 balance and four existing products, to provide a personalized and proactive approach to her banking needs, ensuring she feels valued and supported, and ultimately reducing her churn risk.",3632.32
69,0.9863,Loyalty Rewards Program | Senior Priority Banking | Relationship Pricing Program | Relationship Manager Outreach | Premium Wealth Banking,"The customer's high churn probability is most likely caused by their advanced age and potential dissatisfaction with their current banking arrangement.

The Senior Priority Banking policy is the most suitable to address this risk. This policy is appropriate as it caters to the customer's age group, providing enhanced support and benefits. I recommend introducing the customer to a Senior Banking advisor to review their current products and offer priority branch service, estate planning consultation, and higher certificate of deposit rates. Given the customer's 9-year tenure and $94,000 balance, this personalized approach will help strengthen their relationship with the bank and address their unique needs as a senior customer.",3797.44
70,0.9448,Customer Reactivation Campaign | Digital Banking Adoption | Premium Wealth Banking | Loyalty Rewards Program | Senior Priority Banking,"The customer's inactivity and lack of engagement with the bank's services are most likely causing her to churn. 
The Premium Wealth Banking policy is the most suitable to address this risk, as it provides dedicated relationship management and personalized support. 
This policy is appropriate due to the customer's significant balance of $420,000 and 18-year tenure. 
I recommend assigning a dedicated Relationship Manager to schedule a financial planning consultation, tailored to her specific needs as a senior customer, and leveraging her existing product portfolio of 6 products to deepen the banking relationship and increase engagement.",3807.3
